<xml xmlns="http://www.w3.org/1999/xhtml"><block type="variables_set" id="1" x="37" y="-187"><field name="VAR">m</field><value name="VALUE"><block type="math_number" id="2"><field name="NUM">90</field></block></value><next><block type="variables_set" id="3"><field name="VAR">adjust</field><value name="VALUE"><block type="define_channel_angles" id="4"><value name="CHANNEL0"><block type="math_number" id="5"><field name="NUM">-6</field></block></value><value name="CHANNEL1"><block type="math_number" id="6"><field name="NUM">2</field></block></value><value name="CHANNEL2"><block type="math_number" id="7"><field name="NUM">-4</field></block></value><value name="CHANNEL3"><block type="math_number" id="8"><field name="NUM">6</field></block></value><value name="CHANNEL4"><block type="math_number" id="9"><field name="NUM">1</field></block></value><value name="CHANNEL5"><block type="math_number" id="10"><field name="NUM">1</field></block></value><value name="CHANNEL6"><block type="math_number" id="11"><field name="NUM">3</field></block></value><value name="CHANNEL7"><block type="math_number" id="12"><field name="NUM">10</field></block></value><value name="CHANNEL8"><block type="math_number" id="13"><field name="NUM">-6</field></block></value><value name="CHANNEL9"><block type="math_number" id="14"><field name="NUM">7</field></block></value><value name="CHANNEL10"><block type="math_number" id="15"><field name="NUM">-2</field></block></value><value name="CHANNEL11"><block type="math_number" id="16"><field name="NUM">-4</field></block></value><value name="CHANNEL12"><block type="math_number" id="17"><field name="NUM">1</field></block></value><value name="CHANNEL13"><block type="math_number" id="18"><field name="NUM">-6</field></block></value><value name="CHANNEL14"><block type="math_number" id="19"><field name="NUM">-10</field></block></value><value name="CHANNEL15"><block type="math_number" id="20"><field name="NUM">-10</field></block></value></block></value><next><block type="variables_set" id="21"><field name="VAR">current_pose</field><value name="VALUE"><block type="lists_repeat" id="22"><value name="ITEM"><block type="math_number" id="23"><field name="NUM">0</field></block></value><value name="NUM"><block type="math_number" id="24"><field name="NUM">16</field></block></value></block></value><next><block type="variables_set" id="25"><field name="VAR">sit_pose</field><value name="VALUE"><block type="define_channel_angles" id="26"><value name="CHANNEL0"><block type="variables_get" id="27"><field name="VAR">m</field></block></value><value name="CHANNEL1"><block type="math_arithmetic" id="28"><field name="OP">ADD</field><value name="A"><block type="variables_get" id="29"><field name="VAR">m</field></block></value><value name="B"><block type="math_number" id="30"><field name="NUM">65</field></block></value></block></value><value name="CHANNEL2"><block type="math_arithmetic" id="31"><field name="OP">MINUS</field><value name="A"><block type="variables_get" id="32"><field name="VAR">m</field></block></value><value name="B"><block type="math_number" id="33"><field name="NUM">85</field></block></value></block></value><value name="CHANNEL3"><block type="math_arithmetic" id="34"><field name="OP">MINUS</field><value name="A"><block type="variables_get" id="35"><field name="VAR">m</field></block></value><value name="B"><block type="math_number" id="36"><field name="NUM">5</field></block></value></block></value><value name="CHANNEL4"><block type="variables_get" id="37"><field name="VAR">m</field></block></value><value name="CHANNEL5"><block type="math_arithmetic" id="38"><field name="OP">MINUS</field><value name="A"><block type="variables_get" id="39"><field name="VAR">m</field></block></value><value name="B"><block type="math_number" id="40"><field name="NUM">5</field></block></value></block></value><value name="CHANNEL6"><block type="math_arithmetic" id="41"><field name="OP">MINUS</field><value name="A"><block type="variables_get" id="42"><field name="VAR">m</field></block></value><value name="B"><block type="math_number" id="43"><field name="NUM">70</field></block></value></block></value><value name="CHANNEL7"><block type="math_arithmetic" id="44"><field name="OP">MINUS</field><value name="A"><block type="variables_get" id="45"><field name="VAR">m</field></block></value><value name="B"><block type="math_number" id="46"><field name="NUM">90</field></block></value></block></value><value name="CHANNEL8"><block type="variables_get" id="47"><field name="VAR">m</field></block></value><value name="CHANNEL9"><block type="math_arithmetic" id="48"><field name="OP">MINUS</field><value name="A"><block type="variables_get" id="49"><field name="VAR">m</field></block></value><value name="B"><block type="math_number" id="50"><field name="NUM">65</field></block></value></block></value><value name="CHANNEL10"><block type="math_arithmetic" id="51"><field name="OP">ADD</field><value name="A"><block type="variables_get" id="52"><field name="VAR">m</field></block></value><value name="B"><block type="math_number" id="53"><field name="NUM">85</field></block></value></block></value><value name="CHANNEL11"><block type="math_arithmetic" id="54"><field name="OP">ADD</field><value name="A"><block type="variables_get" id="55"><field name="VAR">m</field></block></value><value name="B"><block type="math_number" id="56"><field name="NUM">5</field></block></value></block></value><value name="CHANNEL12"><block type="variables_get" id="57"><field name="VAR">m</field></block></value><value name="CHANNEL13"><block type="math_arithmetic" id="58"><field name="OP">ADD</field><value name="A"><block type="variables_get" id="59"><field name="VAR">m</field></block></value><value name="B"><block type="math_number" id="60"><field name="NUM">5</field></block></value></block></value><value name="CHANNEL14"><block type="math_arithmetic" id="61"><field name="OP">ADD</field><value name="A"><block type="variables_get" id="62"><field name="VAR">m</field></block></value><value name="B"><block type="math_number" id="63"><field name="NUM">70</field></block></value></block></value><value name="CHANNEL15"><block type="math_arithmetic" id="64"><field name="OP">ADD</field><value name="A"><block type="variables_get" id="65"><field name="VAR">m</field></block></value><value name="B"><block type="math_number" id="66"><field name="NUM">90</field></block></value></block></value></block></value><next><block type="variables_set" id="67"><field name="VAR">stand_pose</field><value name="VALUE"><block type="define_channel_angles" id="68"><value name="CHANNEL0"><block type="variables_get" id="69"><field name="VAR">m</field></block></value><value name="CHANNEL1"><block type="math_arithmetic" id="70"><field name="OP">MINUS</field><value name="A"><block type="variables_get" id="71"><field name="VAR">m</field></block></value><value name="B"><block type="math_number" id="72"><field name="NUM">3</field></block></value></block></value><value name="CHANNEL2"><block type="math_arithmetic" id="73"><field name="OP">MINUS</field><value name="A"><block type="variables_get" id="74"><field name="VAR">m</field></block></value><value name="B"><block type="math_number" id="75"><field name="NUM">7</field></block></value></block></value><value name="CHANNEL3"><block type="math_arithmetic" id="76"><field name="OP">MINUS</field><value name="A"><block type="variables_get" id="77"><field name="VAR">m</field></block></value><value name="B"><block type="math_number" id="78"><field name="NUM">11</field></block></value></block></value><value name="CHANNEL4"><block type="math_arithmetic" id="79"><field name="OP">MINUS</field><value name="A"><block type="variables_get" id="80"><field name="VAR">m</field></block></value><value name="B"><block type="math_number" id="81"><field name="NUM">6</field></block></value></block></value><value name="CHANNEL5"><block type="math_arithmetic" id="82"><field name="OP">MINUS</field><value name="A"><block type="variables_get" id="83"><field name="VAR">m</field></block></value><value name="B"><block type="math_number" id="84"><field name="NUM">5</field></block></value></block></value><value name="CHANNEL6"><block type="math_arithmetic" id="85"><field name="OP">MINUS</field><value name="A"><block type="variables_get" id="86"><field name="VAR">m</field></block></value><value name="B"><block type="math_number" id="87"><field name="NUM">70</field></block></value></block></value><value name="CHANNEL7"><block type="math_arithmetic" id="88"><field name="OP">MINUS</field><value name="A"><block type="variables_get" id="89"><field name="VAR">m</field></block></value><value name="B"><block type="math_number" id="90"><field name="NUM">90</field></block></value></block></value><value name="CHANNEL8"><block type="variables_get" id="91"><field name="VAR">m</field></block></value><value name="CHANNEL9"><block type="math_arithmetic" id="92"><field name="OP">ADD</field><value name="A"><block type="variables_get" id="93"><field name="VAR">m</field></block></value><value name="B"><block type="math_number" id="94"><field name="NUM">3</field></block></value></block></value><value name="CHANNEL10"><block type="math_arithmetic" id="95"><field name="OP">ADD</field><value name="A"><block type="variables_get" id="96"><field name="VAR">m</field></block></value><value name="B"><block type="math_number" id="97"><field name="NUM">7</field></block></value></block></value><value name="CHANNEL11"><block type="math_arithmetic" id="98"><field name="OP">ADD</field><value name="A"><block type="variables_get" id="99"><field name="VAR">m</field></block></value><value name="B"><block type="math_number" id="100"><field name="NUM">11</field></block></value></block></value><value name="CHANNEL12"><block type="math_arithmetic" id="101"><field name="OP">ADD</field><value name="A"><block type="variables_get" id="102"><field name="VAR">m</field></block></value><value name="B"><block type="math_number" id="103"><field name="NUM">6</field></block></value></block></value><value name="CHANNEL13"><block type="math_arithmetic" id="104"><field name="OP">ADD</field><value name="A"><block type="variables_get" id="105"><field name="VAR">m</field></block></value><value name="B"><block type="math_number" id="106"><field name="NUM">5</field></block></value></block></value><value name="CHANNEL14"><block type="math_arithmetic" id="107"><field name="OP">ADD</field><value name="A"><block type="variables_get" id="108"><field name="VAR">m</field></block></value><value name="B"><block type="math_number" id="109"><field name="NUM">70</field></block></value></block></value><value name="CHANNEL15"><block type="math_arithmetic" id="110"><field name="OP">ADD</field><value name="A"><block type="variables_get" id="111"><field name="VAR">m</field></block></value><value name="B"><block type="math_number" id="112"><field name="NUM">90</field></block></value></block></value></block></value><next><block type="variables_set" id="113"><field name="VAR">holdByRightLeg_1</field><value name="VALUE"><block type="define_channel_angles" id="114"><value name="CHANNEL0"><block type="math_arithmetic" id="115"><field name="OP">ADD</field><value name="A"><block type="variables_get" id="116"><field name="VAR">m</field></block></value><value name="B"><block type="math_number" id="117"><field name="NUM">13</field></block></value></block></value><value name="CHANNEL1"><block type="math_arithmetic" id="118"><field name="OP">MINUS</field><value name="A"><block type="variables_get" id="119"><field name="VAR">m</field></block></value><value name="B"><block type="math_number" id="120"><field name="NUM">3</field></block></value></block></value><value name="CHANNEL2"><block type="math_arithmetic" id="121"><field name="OP">MINUS</field><value name="A"><block type="variables_get" id="122"><field name="VAR">m</field></block></value><value name="B"><block type="math_number" id="123"><field name="NUM">7</field></block></value></block></value><value name="CHANNEL3"><block type="math_arithmetic" id="124"><field name="OP">MINUS</field><value name="A"><block type="variables_get" id="125"><field name="VAR">m</field></block></value><value name="B"><block type="math_number" id="126"><field name="NUM">11</field></block></value></block></value><value name="CHANNEL4"><block type="math_arithmetic" id="127"><field name="OP">MINUS</field><value name="A"><block type="variables_get" id="128"><field name="VAR">m</field></block></value><value name="B"><block type="math_number" id="129"><field name="NUM">18</field></block></value></block></value><value name="CHANNEL5"><block type="math_arithmetic" id="130"><field name="OP">MINUS</field><value name="A"><block type="variables_get" id="131"><field name="VAR">m</field></block></value><value name="B"><block type="math_number" id="132"><field name="NUM">5</field></block></value></block></value><value name="CHANNEL6"><block type="math_arithmetic" id="133"><field name="OP">MINUS</field><value name="A"><block type="variables_get" id="134"><field name="VAR">m</field></block></value><value name="B"><block type="math_number" id="135"><field name="NUM">70</field></block></value></block></value><value name="CHANNEL7"><block type="math_arithmetic" id="136"><field name="OP">MINUS</field><value name="A"><block type="variables_get" id="137"><field name="VAR">m</field></block></value><value name="B"><block type="math_number" id="138"><field name="NUM">45</field></block></value></block></value><value name="CHANNEL8"><block type="math_arithmetic" id="139"><field name="OP">ADD</field><value name="A"><block type="variables_get" id="140"><field name="VAR">m</field></block></value><value name="B"><block type="math_number" id="141"><field name="NUM">33</field></block></value></block></value><value name="CHANNEL9"><block type="math_arithmetic" id="142"><field name="OP">ADD</field><value name="A"><block type="variables_get" id="143"><field name="VAR">m</field></block></value><value name="B"><block type="math_number" id="144"><field name="NUM">3</field></block></value></block></value><value name="CHANNEL10"><block type="math_arithmetic" id="145"><field name="OP">ADD</field><value name="A"><block type="variables_get" id="146"><field name="VAR">m</field></block></value><value name="B"><block type="math_number" id="147"><field name="NUM">7</field></block></value></block></value><value name="CHANNEL11"><block type="math_arithmetic" id="148"><field name="OP">ADD</field><value name="A"><block type="variables_get" id="149"><field name="VAR">m</field></block></value><value name="B"><block type="math_number" id="150"><field name="NUM">11</field></block></value></block></value><value name="CHANNEL12"><block type="math_arithmetic" id="151"><field name="OP">ADD</field><value name="A"><block type="variables_get" id="152"><field name="VAR">m</field></block></value><value name="B"><block type="math_number" id="153"><field name="NUM">2</field></block></value></block></value><value name="CHANNEL13"><block type="math_arithmetic" id="154"><field name="OP">ADD</field><value name="A"><block type="variables_get" id="155"><field name="VAR">m</field></block></value><value name="B"><block type="math_number" id="156"><field name="NUM">5</field></block></value></block></value><value name="CHANNEL14"><block type="math_arithmetic" id="157"><field name="OP">ADD</field><value name="A"><block type="variables_get" id="158"><field name="VAR">m</field></block></value><value name="B"><block type="math_number" id="159"><field name="NUM">84</field></block></value></block></value><value name="CHANNEL15"><block type="math_arithmetic" id="160"><field name="OP">ADD</field><value name="A"><block type="variables_get" id="161"><field name="VAR">m</field></block></value><value name="B"><block type="math_number" id="162"><field name="NUM">90</field></block></value></block></value></block></value><next><block type="variables_set" id="163"><field name="VAR">holdByRightLeg_2</field><value name="VALUE"><block type="define_channel_angles" id="164"><value name="CHANNEL0"><block type="math_arithmetic" id="165"><field name="OP">ADD</field><value name="A"><block type="variables_get" id="166"><field name="VAR">m</field></block></value><value name="B"><block type="math_number" id="167"><field name="NUM">13</field></block></value></block></value><value name="CHANNEL1"><block type="math_arithmetic" id="168"><field name="OP">MINUS</field><value name="A"><block type="variables_get" id="169"><field name="VAR">m</field></block></value><value name="B"><block type="math_number" id="170"><field name="NUM">3</field></block></value></block></value><value name="CHANNEL2"><block type="math_arithmetic" id="171"><field name="OP">MINUS</field><value name="A"><block type="variables_get" id="172"><field name="VAR">m</field></block></value><value name="B"><block type="math_number" id="173"><field name="NUM">7</field></block></value></block></value><value name="CHANNEL3"><block type="math_arithmetic" id="174"><field name="OP">MINUS</field><value name="A"><block type="variables_get" id="175"><field name="VAR">m</field></block></value><value name="B"><block type="math_number" id="176"><field name="NUM">11</field></block></value></block></value><value name="CHANNEL4"><block type="math_arithmetic" id="177"><field name="OP">MINUS</field><value name="A"><block type="variables_get" id="178"><field name="VAR">m</field></block></value><value name="B"><block type="math_number" id="179"><field name="NUM">18</field></block></value></block></value><value name="CHANNEL5"><block type="math_arithmetic" id="180"><field name="OP">MINUS</field><value name="A"><block type="variables_get" id="181"><field name="VAR">m</field></block></value><value name="B"><block type="math_number" id="182"><field name="NUM">5</field></block></value></block></value><value name="CHANNEL6"><block type="math_arithmetic" id="183"><field name="OP">MINUS</field><value name="A"><block type="variables_get" id="184"><field name="VAR">m</field></block></value><value name="B"><block type="math_number" id="185"><field name="NUM">70</field></block></value></block></value><value name="CHANNEL7"><block type="variables_get" id="186"><field name="VAR">m</field></block></value><value name="CHANNEL8"><block type="variables_get" id="187"><field name="VAR">m</field></block></value><value name="CHANNEL9"><block type="math_arithmetic" id="188"><field name="OP">ADD</field><value name="A"><block type="variables_get" id="189"><field name="VAR">m</field></block></value><value name="B"><block type="math_number" id="190"><field name="NUM">3</field></block></value></block></value><value name="CHANNEL10"><block type="math_arithmetic" id="191"><field name="OP">ADD</field><value name="A"><block type="variables_get" id="192"><field name="VAR">m</field></block></value><value name="B"><block type="math_number" id="193"><field name="NUM">32</field></block></value></block></value><value name="CHANNEL11"><block type="math_arithmetic" id="194"><field name="OP">ADD</field><value name="A"><block type="variables_get" id="195"><field name="VAR">m</field></block></value><value name="B"><block type="math_number" id="196"><field name="NUM">50</field></block></value></block></value><value name="CHANNEL12"><block type="math_arithmetic" id="197"><field name="OP">ADD</field><value name="A"><block type="variables_get" id="198"><field name="VAR">m</field></block></value><value name="B"><block type="math_number" id="199"><field name="NUM">2</field></block></value></block></value><value name="CHANNEL13"><block type="math_arithmetic" id="200"><field name="OP">ADD</field><value name="A"><block type="variables_get" id="201"><field name="VAR">m</field></block></value><value name="B"><block type="math_number" id="202"><field name="NUM">5</field></block></value></block></value><value name="CHANNEL14"><block type="math_arithmetic" id="203"><field name="OP">ADD</field><value name="A"><block type="variables_get" id="204"><field name="VAR">m</field></block></value><value name="B"><block type="math_number" id="205"><field name="NUM">84</field></block></value></block></value><value name="CHANNEL15"><block type="math_arithmetic" id="206"><field name="OP">ADD</field><value name="A"><block type="variables_get" id="207"><field name="VAR">m</field></block></value><value name="B"><block type="math_number" id="208"><field name="NUM">90</field></block></value></block></value></block></value><next><block type="variables_set" id="209"><field name="VAR">holdByRightLeg_3</field><value name="VALUE"><block type="define_channel_angles" id="210"><value name="CHANNEL0"><block type="math_arithmetic" id="211"><field name="OP">ADD</field><value name="A"><block type="variables_get" id="212"><field name="VAR">m</field></block></value><value name="B"><block type="math_number" id="213"><field name="NUM">13</field></block></value></block></value><value name="CHANNEL1"><block type="math_arithmetic" id="214"><field name="OP">MINUS</field><value name="A"><block type="variables_get" id="215"><field name="VAR">m</field></block></value><value name="B"><block type="math_number" id="216"><field name="NUM">3</field></block></value></block></value><value name="CHANNEL2"><block type="math_arithmetic" id="217"><field name="OP">MINUS</field><value name="A"><block type="variables_get" id="218"><field name="VAR">m</field></block></value><value name="B"><block type="math_number" id="219"><field name="NUM">7</field></block></value></block></value><value name="CHANNEL3"><block type="math_arithmetic" id="220"><field name="OP">MINUS</field><value name="A"><block type="variables_get" id="221"><field name="VAR">m</field></block></value><value name="B"><block type="math_number" id="222"><field name="NUM">11</field></block></value></block></value><value name="CHANNEL4"><block type="math_arithmetic" id="223"><field name="OP">MINUS</field><value name="A"><block type="variables_get" id="224"><field name="VAR">m</field></block></value><value name="B"><block type="math_number" id="225"><field name="NUM">18</field></block></value></block></value><value name="CHANNEL5"><block type="math_arithmetic" id="226"><field name="OP">MINUS</field><value name="A"><block type="variables_get" id="227"><field name="VAR">m</field></block></value><value name="B"><block type="math_number" id="228"><field name="NUM">5</field></block></value></block></value><value name="CHANNEL6"><block type="math_arithmetic" id="229"><field name="OP">MINUS</field><value name="A"><block type="variables_get" id="230"><field name="VAR">m</field></block></value><value name="B"><block type="math_number" id="231"><field name="NUM">70</field></block></value></block></value><value name="CHANNEL7"><block type="variables_get" id="232"><field name="VAR">m</field></block></value><value name="CHANNEL8"><block type="variables_get" id="233"><field name="VAR">m</field></block></value><value name="CHANNEL9"><block type="math_arithmetic" id="234"><field name="OP">ADD</field><value name="A"><block type="variables_get" id="235"><field name="VAR">m</field></block></value><value name="B"><block type="math_number" id="236"><field name="NUM">47</field></block></value></block></value><value name="CHANNEL10"><block type="math_arithmetic" id="237"><field name="OP">MINUS</field><value name="A"><block type="variables_get" id="238"><field name="VAR">m</field></block></value><value name="B"><block type="math_number" id="239"><field name="NUM">8</field></block></value></block></value><value name="CHANNEL11"><block type="math_arithmetic" id="240"><field name="OP">ADD</field><value name="A"><block type="variables_get" id="241"><field name="VAR">m</field></block></value><value name="B"><block type="math_number" id="242"><field name="NUM">50</field></block></value></block></value><value name="CHANNEL12"><block type="math_arithmetic" id="243"><field name="OP">ADD</field><value name="A"><block type="variables_get" id="244"><field name="VAR">m</field></block></value><value name="B"><block type="math_number" id="245"><field name="NUM">2</field></block></value></block></value><value name="CHANNEL13"><block type="math_arithmetic" id="246"><field name="OP">ADD</field><value name="A"><block type="variables_get" id="247"><field name="VAR">m</field></block></value><value name="B"><block type="math_number" id="248"><field name="NUM">5</field></block></value></block></value><value name="CHANNEL14"><block type="math_arithmetic" id="249"><field name="OP">ADD</field><value name="A"><block type="variables_get" id="250"><field name="VAR">m</field></block></value><value name="B"><block type="math_number" id="251"><field name="NUM">84</field></block></value></block></value><value name="CHANNEL15"><block type="math_arithmetic" id="252"><field name="OP">ADD</field><value name="A"><block type="variables_get" id="253"><field name="VAR">m</field></block></value><value name="B"><block type="math_number" id="254"><field name="NUM">90</field></block></value></block></value></block></value><next><block type="variables_set" id="255"><field name="VAR">holdByRightLeg_4</field><value name="VALUE"><block type="define_channel_angles" id="256"><value name="CHANNEL0"><block type="math_arithmetic" id="257"><field name="OP">ADD</field><value name="A"><block type="variables_get" id="258"><field name="VAR">m</field></block></value><value name="B"><block type="math_number" id="259"><field name="NUM">6</field></block></value></block></value><value name="CHANNEL1"><block type="math_arithmetic" id="260"><field name="OP">ADD</field><value name="A"><block type="variables_get" id="261"><field name="VAR">m</field></block></value><value name="B"><block type="math_number" id="262"><field name="NUM">14</field></block></value></block></value><value name="CHANNEL2"><block type="math_arithmetic" id="263"><field name="OP">MINUS</field><value name="A"><block type="variables_get" id="264"><field name="VAR">m</field></block></value><value name="B"><block type="math_number" id="265"><field name="NUM">27</field></block></value></block></value><value name="CHANNEL3"><block type="math_arithmetic" id="266"><field name="OP">MINUS</field><value name="A"><block type="variables_get" id="267"><field name="VAR">m</field></block></value><value name="B"><block type="math_number" id="268"><field name="NUM">18</field></block></value></block></value><value name="CHANNEL4"><block type="math_arithmetic" id="269"><field name="OP">MINUS</field><value name="A"><block type="variables_get" id="270"><field name="VAR">m</field></block></value><value name="B"><block type="math_number" id="271"><field name="NUM">6</field></block></value></block></value><value name="CHANNEL5"><block type="math_arithmetic" id="272"><field name="OP">MINUS</field><value name="A"><block type="variables_get" id="273"><field name="VAR">m</field></block></value><value name="B"><block type="math_number" id="274"><field name="NUM">5</field></block></value></block></value><value name="CHANNEL6"><block type="math_arithmetic" id="275"><field name="OP">MINUS</field><value name="A"><block type="variables_get" id="276"><field name="VAR">m</field></block></value><value name="B"><block type="math_number" id="277"><field name="NUM">84</field></block></value></block></value><value name="CHANNEL7"><block type="math_arithmetic" id="278"><field name="OP">MINUS</field><value name="A"><block type="variables_get" id="279"><field name="VAR">m</field></block></value><value name="B"><block type="math_number" id="280"><field name="NUM">45</field></block></value></block></value><value name="CHANNEL8"><block type="variables_get" id="281"><field name="VAR">m</field></block></value><value name="CHANNEL9"><block type="math_arithmetic" id="282"><field name="OP">ADD</field><value name="A"><block type="variables_get" id="283"><field name="VAR">m</field></block></value><value name="B"><block type="math_number" id="284"><field name="NUM">47</field></block></value></block></value><value name="CHANNEL10"><block type="math_arithmetic" id="285"><field name="OP">MINUS</field><value name="A"><block type="variables_get" id="286"><field name="VAR">m</field></block></value><value name="B"><block type="math_number" id="287"><field name="NUM">8</field></block></value></block></value><value name="CHANNEL11"><block type="math_arithmetic" id="288"><field name="OP">ADD</field><value name="A"><block type="variables_get" id="289"><field name="VAR">m</field></block></value><value name="B"><block type="math_number" id="290"><field name="NUM">50</field></block></value></block></value><value name="CHANNEL12"><block type="math_arithmetic" id="291"><field name="OP">ADD</field><value name="A"><block type="variables_get" id="292"><field name="VAR">m</field></block></value><value name="B"><block type="math_number" id="293"><field name="NUM">6</field></block></value></block></value><value name="CHANNEL13"><block type="math_arithmetic" id="294"><field name="OP">ADD</field><value name="A"><block type="variables_get" id="295"><field name="VAR">m</field></block></value><value name="B"><block type="math_number" id="296"><field name="NUM">5</field></block></value></block></value><value name="CHANNEL14"><block type="math_arithmetic" id="297"><field name="OP">ADD</field><value name="A"><block type="variables_get" id="298"><field name="VAR">m</field></block></value><value name="B"><block type="math_number" id="299"><field name="NUM">84</field></block></value></block></value><value name="CHANNEL15"><block type="math_arithmetic" id="300"><field name="OP">ADD</field><value name="A"><block type="variables_get" id="301"><field name="VAR">m</field></block></value><value name="B"><block type="math_number" id="302"><field name="NUM">90</field></block></value></block></value></block></value><next><block type="variables_set" id="303"><field name="VAR">LeftPush_1</field><value name="VALUE"><block type="define_channel_angles" id="304"><value name="CHANNEL0"><block type="variables_get" id="305"><field name="VAR">m</field></block></value><value name="CHANNEL1"><block type="math_arithmetic" id="306"><field name="OP">ADD</field><value name="A"><block type="variables_get" id="307"><field name="VAR">m</field></block></value><value name="B"><block type="math_number" id="308"><field name="NUM">14</field></block></value></block></value><value name="CHANNEL2"><block type="math_arithmetic" id="309"><field name="OP">MINUS</field><value name="A"><block type="variables_get" id="310"><field name="VAR">m</field></block></value><value name="B"><block type="math_number" id="311"><field name="NUM">2</field></block></value></block></value><value name="CHANNEL3"><block type="math_arithmetic" id="312"><field name="OP">MINUS</field><value name="A"><block type="variables_get" id="313"><field name="VAR">m</field></block></value><value name="B"><block type="math_number" id="314"><field name="NUM">10</field></block></value></block></value><value name="CHANNEL4"><block type="math_arithmetic" id="315"><field name="OP">MINUS</field><value name="A"><block type="variables_get" id="316"><field name="VAR">m</field></block></value><value name="B"><block type="math_number" id="317"><field name="NUM">10</field></block></value></block></value><value name="CHANNEL5"><block type="math_arithmetic" id="318"><field name="OP">MINUS</field><value name="A"><block type="variables_get" id="319"><field name="VAR">m</field></block></value><value name="B"><block type="math_number" id="320"><field name="NUM">5</field></block></value></block></value><value name="CHANNEL6"><block type="math_arithmetic" id="321"><field name="OP">MINUS</field><value name="A"><block type="variables_get" id="322"><field name="VAR">m</field></block></value><value name="B"><block type="math_number" id="323"><field name="NUM">84</field></block></value></block></value><value name="CHANNEL7"><block type="math_arithmetic" id="324"><field name="OP">MINUS</field><value name="A"><block type="variables_get" id="325"><field name="VAR">m</field></block></value><value name="B"><block type="math_number" id="326"><field name="NUM">90</field></block></value></block></value><value name="CHANNEL8"><block type="variables_get" id="327"><field name="VAR">m</field></block></value><value name="CHANNEL9"><block type="math_arithmetic" id="328"><field name="OP">ADD</field><value name="A"><block type="variables_get" id="329"><field name="VAR">m</field></block></value><value name="B"><block type="math_number" id="330"><field name="NUM">47</field></block></value></block></value><value name="CHANNEL10"><block type="math_arithmetic" id="331"><field name="OP">MINUS</field><value name="A"><block type="variables_get" id="332"><field name="VAR">m</field></block></value><value name="B"><block type="math_number" id="333"><field name="NUM">7</field></block></value></block></value><value name="CHANNEL11"><block type="math_arithmetic" id="334"><field name="OP">ADD</field><value name="A"><block type="variables_get" id="335"><field name="VAR">m</field></block></value><value name="B"><block type="math_number" id="336"><field name="NUM">61</field></block></value></block></value><value name="CHANNEL12"><block type="math_arithmetic" id="337"><field name="OP">ADD</field><value name="A"><block type="variables_get" id="338"><field name="VAR">m</field></block></value><value name="B"><block type="math_number" id="339"><field name="NUM">6</field></block></value></block></value><value name="CHANNEL13"><block type="math_arithmetic" id="340"><field name="OP">ADD</field><value name="A"><block type="variables_get" id="341"><field name="VAR">m</field></block></value><value name="B"><block type="math_number" id="342"><field name="NUM">5</field></block></value></block></value><value name="CHANNEL14"><block type="math_arithmetic" id="343"><field name="OP">ADD</field><value name="A"><block type="variables_get" id="344"><field name="VAR">m</field></block></value><value name="B"><block type="math_number" id="345"><field name="NUM">84</field></block></value></block></value><value name="CHANNEL15"><block type="math_arithmetic" id="346"><field name="OP">ADD</field><value name="A"><block type="variables_get" id="347"><field name="VAR">m</field></block></value><value name="B"><block type="math_number" id="348"><field name="NUM">90</field></block></value></block></value></block></value><next><block type="variables_set" id="349"><field name="VAR">LeftPush_2</field><value name="VALUE"><block type="define_channel_angles" id="350"><value name="CHANNEL0"><block type="math_arithmetic" id="351"><field name="OP">MINUS</field><value name="A"><block type="variables_get" id="352"><field name="VAR">m</field></block></value><value name="B"><block type="math_number" id="353"><field name="NUM">24</field></block></value></block></value><value name="CHANNEL1"><block type="math_arithmetic" id="354"><field name="OP">ADD</field><value name="A"><block type="variables_get" id="355"><field name="VAR">m</field></block></value><value name="B"><block type="math_number" id="356"><field name="NUM">14</field></block></value></block></value><value name="CHANNEL2"><block type="math_arithmetic" id="357"><field name="OP">MINUS</field><value name="A"><block type="variables_get" id="358"><field name="VAR">m</field></block></value><value name="B"><block type="math_number" id="359"><field name="NUM">23</field></block></value></block></value><value name="CHANNEL3"><block type="math_arithmetic" id="360"><field name="OP">MINUS</field><value name="A"><block type="variables_get" id="361"><field name="VAR">m</field></block></value><value name="B"><block type="math_number" id="362"><field name="NUM">10</field></block></value></block></value><value name="CHANNEL4"><block type="math_arithmetic" id="363"><field name="OP">MINUS</field><value name="A"><block type="variables_get" id="364"><field name="VAR">m</field></block></value><value name="B"><block type="math_number" id="365"><field name="NUM">6</field></block></value></block></value><value name="CHANNEL5"><block type="math_arithmetic" id="366"><field name="OP">MINUS</field><value name="A"><block type="variables_get" id="367"><field name="VAR">m</field></block></value><value name="B"><block type="math_number" id="368"><field name="NUM">5</field></block></value></block></value><value name="CHANNEL6"><block type="math_arithmetic" id="369"><field name="OP">MINUS</field><value name="A"><block type="variables_get" id="370"><field name="VAR">m</field></block></value><value name="B"><block type="math_number" id="371"><field name="NUM">84</field></block></value></block></value><value name="CHANNEL7"><block type="math_arithmetic" id="372"><field name="OP">MINUS</field><value name="A"><block type="variables_get" id="373"><field name="VAR">m</field></block></value><value name="B"><block type="math_number" id="374"><field name="NUM">90</field></block></value></block></value><value name="CHANNEL8"><block type="math_arithmetic" id="375"><field name="OP">MINUS</field><value name="A"><block type="variables_get" id="376"><field name="VAR">m</field></block></value><value name="B"><block type="math_number" id="377"><field name="NUM">12</field></block></value></block></value><value name="CHANNEL9"><block type="math_arithmetic" id="378"><field name="OP">ADD</field><value name="A"><block type="variables_get" id="379"><field name="VAR">m</field></block></value><value name="B"><block type="math_number" id="380"><field name="NUM">3</field></block></value></block></value><value name="CHANNEL10"><block type="math_arithmetic" id="381"><field name="OP">ADD</field><value name="A"><block type="variables_get" id="382"><field name="VAR">m</field></block></value><value name="B"><block type="math_number" id="383"><field name="NUM">7</field></block></value></block></value><value name="CHANNEL11"><block type="math_arithmetic" id="384"><field name="OP">ADD</field><value name="A"><block type="variables_get" id="385"><field name="VAR">m</field></block></value><value name="B"><block type="math_number" id="386"><field name="NUM">20</field></block></value></block></value><value name="CHANNEL12"><block type="math_arithmetic" id="387"><field name="OP">ADD</field><value name="A"><block type="variables_get" id="388"><field name="VAR">m</field></block></value><value name="B"><block type="math_number" id="389"><field name="NUM">6</field></block></value></block></value><value name="CHANNEL13"><block type="math_arithmetic" id="390"><field name="OP">ADD</field><value name="A"><block type="variables_get" id="391"><field name="VAR">m</field></block></value><value name="B"><block type="math_number" id="392"><field name="NUM">5</field></block></value></block></value><value name="CHANNEL14"><block type="math_arithmetic" id="393"><field name="OP">ADD</field><value name="A"><block type="variables_get" id="394"><field name="VAR">m</field></block></value><value name="B"><block type="math_number" id="395"><field name="NUM">84</field></block></value></block></value><value name="CHANNEL15"><block type="math_arithmetic" id="396"><field name="OP">ADD</field><value name="A"><block type="variables_get" id="397"><field name="VAR">m</field></block></value><value name="B"><block type="math_number" id="398"><field name="NUM">90</field></block></value></block></value></block></value><next><block type="variables_set" id="399"><field name="VAR">holdByLeftLeg_1</field><value name="VALUE"><block type="define_channel_angles" id="400"><value name="CHANNEL0"><block type="math_arithmetic" id="401"><field name="OP">MINUS</field><value name="A"><block type="variables_get" id="402"><field name="VAR">m</field></block></value><value name="B"><block type="math_number" id="403"><field name="NUM">33</field></block></value></block></value><value name="CHANNEL1"><block type="math_arithmetic" id="404"><field name="OP">MINUS</field><value name="A"><block type="variables_get" id="405"><field name="VAR">m</field></block></value><value name="B"><block type="math_number" id="406"><field name="NUM">3</field></block></value></block></value><value name="CHANNEL2"><block type="math_arithmetic" id="407"><field name="OP">MINUS</field><value name="A"><block type="variables_get" id="408"><field name="VAR">m</field></block></value><value name="B"><block type="math_number" id="409"><field name="NUM">7</field></block></value></block></value><value name="CHANNEL3"><block type="math_arithmetic" id="410"><field name="OP">MINUS</field><value name="A"><block type="variables_get" id="411"><field name="VAR">m</field></block></value><value name="B"><block type="math_number" id="412"><field name="NUM">11</field></block></value></block></value><value name="CHANNEL4"><block type="math_arithmetic" id="413"><field name="OP">MINUS</field><value name="A"><block type="variables_get" id="414"><field name="VAR">m</field></block></value><value name="B"><block type="math_number" id="415"><field name="NUM">2</field></block></value></block></value><value name="CHANNEL5"><block type="math_arithmetic" id="416"><field name="OP">MINUS</field><value name="A"><block type="variables_get" id="417"><field name="VAR">m</field></block></value><value name="B"><block type="math_number" id="418"><field name="NUM">5</field></block></value></block></value><value name="CHANNEL6"><block type="math_arithmetic" id="419"><field name="OP">MINUS</field><value name="A"><block type="variables_get" id="420"><field name="VAR">m</field></block></value><value name="B"><block type="math_number" id="421"><field name="NUM">84</field></block></value></block></value><value name="CHANNEL7"><block type="math_arithmetic" id="422"><field name="OP">MINUS</field><value name="A"><block type="variables_get" id="423"><field name="VAR">m</field></block></value><value name="B"><block type="math_number" id="424"><field name="NUM">90</field></block></value></block></value><value name="CHANNEL8"><block type="math_arithmetic" id="425"><field name="OP">MINUS</field><value name="A"><block type="variables_get" id="426"><field name="VAR">m</field></block></value><value name="B"><block type="math_number" id="427"><field name="NUM">13</field></block></value></block></value><value name="CHANNEL9"><block type="math_arithmetic" id="428"><field name="OP">ADD</field><value name="A"><block type="variables_get" id="429"><field name="VAR">m</field></block></value><value name="B"><block type="math_number" id="430"><field name="NUM">3</field></block></value></block></value><value name="CHANNEL10"><block type="math_arithmetic" id="431"><field name="OP">ADD</field><value name="A"><block type="variables_get" id="432"><field name="VAR">m</field></block></value><value name="B"><block type="math_number" id="433"><field name="NUM">7</field></block></value></block></value><value name="CHANNEL11"><block type="math_arithmetic" id="434"><field name="OP">ADD</field><value name="A"><block type="variables_get" id="435"><field name="VAR">m</field></block></value><value name="B"><block type="math_number" id="436"><field name="NUM">11</field></block></value></block></value><value name="CHANNEL12"><block type="math_arithmetic" id="437"><field name="OP">ADD</field><value name="A"><block type="variables_get" id="438"><field name="VAR">m</field></block></value><value name="B"><block type="math_number" id="439"><field name="NUM">18</field></block></value></block></value><value name="CHANNEL13"><block type="math_arithmetic" id="440"><field name="OP">ADD</field><value name="A"><block type="variables_get" id="441"><field name="VAR">m</field></block></value><value name="B"><block type="math_number" id="442"><field name="NUM">5</field></block></value></block></value><value name="CHANNEL14"><block type="math_arithmetic" id="443"><field name="OP">ADD</field><value name="A"><block type="variables_get" id="444"><field name="VAR">m</field></block></value><value name="B"><block type="math_number" id="445"><field name="NUM">70</field></block></value></block></value><value name="CHANNEL15"><block type="math_arithmetic" id="446"><field name="OP">ADD</field><value name="A"><block type="variables_get" id="447"><field name="VAR">m</field></block></value><value name="B"><block type="math_number" id="448"><field name="NUM">45</field></block></value></block></value></block></value><next><block type="variables_set" id="449"><field name="VAR">holdByLeftLeg_2</field><value name="VALUE"><block type="define_channel_angles" id="450"><value name="CHANNEL0"><block type="variables_get" id="451"><field name="VAR">m</field></block></value><value name="CHANNEL1"><block type="math_arithmetic" id="452"><field name="OP">MINUS</field><value name="A"><block type="variables_get" id="453"><field name="VAR">m</field></block></value><value name="B"><block type="math_number" id="454"><field name="NUM">3</field></block></value></block></value><value name="CHANNEL2"><block type="math_arithmetic" id="455"><field name="OP">MINUS</field><value name="A"><block type="variables_get" id="456"><field name="VAR">m</field></block></value><value name="B"><block type="math_number" id="457"><field name="NUM">32</field></block></value></block></value><value name="CHANNEL3"><block type="math_arithmetic" id="458"><field name="OP">MINUS</field><value name="A"><block type="variables_get" id="459"><field name="VAR">m</field></block></value><value name="B"><block type="math_number" id="460"><field name="NUM">50</field></block></value></block></value><value name="CHANNEL4"><block type="math_arithmetic" id="461"><field name="OP">MINUS</field><value name="A"><block type="variables_get" id="462"><field name="VAR">m</field></block></value><value name="B"><block type="math_number" id="463"><field name="NUM">2</field></block></value></block></value><value name="CHANNEL5"><block type="math_arithmetic" id="464"><field name="OP">MINUS</field><value name="A"><block type="variables_get" id="465"><field name="VAR">m</field></block></value><value name="B"><block type="math_number" id="466"><field name="NUM">5</field></block></value></block></value><value name="CHANNEL6"><block type="math_arithmetic" id="467"><field name="OP">MINUS</field><value name="A"><block type="variables_get" id="468"><field name="VAR">m</field></block></value><value name="B"><block type="math_number" id="469"><field name="NUM">84</field></block></value></block></value><value name="CHANNEL7"><block type="math_arithmetic" id="470"><field name="OP">MINUS</field><value name="A"><block type="variables_get" id="471"><field name="VAR">m</field></block></value><value name="B"><block type="math_number" id="472"><field name="NUM">90</field></block></value></block></value><value name="CHANNEL8"><block type="math_arithmetic" id="473"><field name="OP">MINUS</field><value name="A"><block type="variables_get" id="474"><field name="VAR">m</field></block></value><value name="B"><block type="math_number" id="475"><field name="NUM">13</field></block></value></block></value><value name="CHANNEL9"><block type="math_arithmetic" id="476"><field name="OP">ADD</field><value name="A"><block type="variables_get" id="477"><field name="VAR">m</field></block></value><value name="B"><block type="math_number" id="478"><field name="NUM">3</field></block></value></block></value><value name="CHANNEL10"><block type="math_arithmetic" id="479"><field name="OP">ADD</field><value name="A"><block type="variables_get" id="480"><field name="VAR">m</field></block></value><value name="B"><block type="math_number" id="481"><field name="NUM">7</field></block></value></block></value><value name="CHANNEL11"><block type="math_arithmetic" id="482"><field name="OP">ADD</field><value name="A"><block type="variables_get" id="483"><field name="VAR">m</field></block></value><value name="B"><block type="math_number" id="484"><field name="NUM">11</field></block></value></block></value><value name="CHANNEL12"><block type="math_arithmetic" id="485"><field name="OP">ADD</field><value name="A"><block type="variables_get" id="486"><field name="VAR">m</field></block></value><value name="B"><block type="math_number" id="487"><field name="NUM">18</field></block></value></block></value><value name="CHANNEL13"><block type="math_arithmetic" id="488"><field name="OP">ADD</field><value name="A"><block type="variables_get" id="489"><field name="VAR">m</field></block></value><value name="B"><block type="math_number" id="490"><field name="NUM">5</field></block></value></block></value><value name="CHANNEL14"><block type="math_arithmetic" id="491"><field name="OP">ADD</field><value name="A"><block type="variables_get" id="492"><field name="VAR">m</field></block></value><value name="B"><block type="math_number" id="493"><field name="NUM">70</field></block></value></block></value><value name="CHANNEL15"><block type="variables_get" id="494"><field name="VAR">m</field></block></value></block></value><next><block type="variables_set" id="495"><field name="VAR">holdByLeftLeg_3</field><value name="VALUE"><block type="define_channel_angles" id="496"><value name="CHANNEL0"><block type="variables_get" id="497"><field name="VAR">m</field></block></value><value name="CHANNEL1"><block type="math_arithmetic" id="498"><field name="OP">MINUS</field><value name="A"><block type="variables_get" id="499"><field name="VAR">m</field></block></value><value name="B"><block type="math_number" id="500"><field name="NUM">47</field></block></value></block></value><value name="CHANNEL2"><block type="math_arithmetic" id="501"><field name="OP">ADD</field><value name="A"><block type="variables_get" id="502"><field name="VAR">m</field></block></value><value name="B"><block type="math_number" id="503"><field name="NUM">8</field></block></value></block></value><value name="CHANNEL3"><block type="math_arithmetic" id="504"><field name="OP">MINUS</field><value name="A"><block type="variables_get" id="505"><field name="VAR">m</field></block></value><value name="B"><block type="math_number" id="506"><field name="NUM">50</field></block></value></block></value><value name="CHANNEL4"><block type="math_arithmetic" id="507"><field name="OP">MINUS</field><value name="A"><block type="variables_get" id="508"><field name="VAR">m</field></block></value><value name="B"><block type="math_number" id="509"><field name="NUM">2</field></block></value></block></value><value name="CHANNEL5"><block type="math_arithmetic" id="510"><field name="OP">MINUS</field><value name="A"><block type="variables_get" id="511"><field name="VAR">m</field></block></value><value name="B"><block type="math_number" id="512"><field name="NUM">5</field></block></value></block></value><value name="CHANNEL6"><block type="math_arithmetic" id="513"><field name="OP">MINUS</field><value name="A"><block type="variables_get" id="514"><field name="VAR">m</field></block></value><value name="B"><block type="math_number" id="515"><field name="NUM">84</field></block></value></block></value><value name="CHANNEL7"><block type="math_arithmetic" id="516"><field name="OP">MINUS</field><value name="A"><block type="variables_get" id="517"><field name="VAR">m</field></block></value><value name="B"><block type="math_number" id="518"><field name="NUM">90</field></block></value></block></value><value name="CHANNEL8"><block type="math_arithmetic" id="519"><field name="OP">MINUS</field><value name="A"><block type="variables_get" id="520"><field name="VAR">m</field></block></value><value name="B"><block type="math_number" id="521"><field name="NUM">13</field></block></value></block></value><value name="CHANNEL9"><block type="math_arithmetic" id="522"><field name="OP">ADD</field><value name="A"><block type="variables_get" id="523"><field name="VAR">m</field></block></value><value name="B"><block type="math_number" id="524"><field name="NUM">3</field></block></value></block></value><value name="CHANNEL10"><block type="math_arithmetic" id="525"><field name="OP">ADD</field><value name="A"><block type="variables_get" id="526"><field name="VAR">m</field></block></value><value name="B"><block type="math_number" id="527"><field name="NUM">7</field></block></value></block></value><value name="CHANNEL11"><block type="math_arithmetic" id="528"><field name="OP">ADD</field><value name="A"><block type="variables_get" id="529"><field name="VAR">m</field></block></value><value name="B"><block type="math_number" id="530"><field name="NUM">11</field></block></value></block></value><value name="CHANNEL12"><block type="math_arithmetic" id="531"><field name="OP">ADD</field><value name="A"><block type="variables_get" id="532"><field name="VAR">m</field></block></value><value name="B"><block type="math_number" id="533"><field name="NUM">18</field></block></value></block></value><value name="CHANNEL13"><block type="math_arithmetic" id="534"><field name="OP">ADD</field><value name="A"><block type="variables_get" id="535"><field name="VAR">m</field></block></value><value name="B"><block type="math_number" id="536"><field name="NUM">5</field></block></value></block></value><value name="CHANNEL14"><block type="math_arithmetic" id="537"><field name="OP">ADD</field><value name="A"><block type="variables_get" id="538"><field name="VAR">m</field></block></value><value name="B"><block type="math_number" id="539"><field name="NUM">70</field></block></value></block></value><value name="CHANNEL15"><block type="variables_get" id="540"><field name="VAR">m</field></block></value></block></value><next><block type="variables_set" id="541"><field name="VAR">holdByLeftLeg_4</field><value name="VALUE"><block type="define_channel_angles" id="542"><value name="CHANNEL0"><block type="variables_get" id="543"><field name="VAR">m</field></block></value><value name="CHANNEL1"><block type="math_arithmetic" id="544"><field name="OP">MINUS</field><value name="A"><block type="variables_get" id="545"><field name="VAR">m</field></block></value><value name="B"><block type="math_number" id="546"><field name="NUM">47</field></block></value></block></value><value name="CHANNEL2"><block type="math_arithmetic" id="547"><field name="OP">ADD</field><value name="A"><block type="variables_get" id="548"><field name="VAR">m</field></block></value><value name="B"><block type="math_number" id="549"><field name="NUM">8</field></block></value></block></value><value name="CHANNEL3"><block type="math_arithmetic" id="550"><field name="OP">MINUS</field><value name="A"><block type="variables_get" id="551"><field name="VAR">m</field></block></value><value name="B"><block type="math_number" id="552"><field name="NUM">50</field></block></value></block></value><value name="CHANNEL4"><block type="math_arithmetic" id="553"><field name="OP">MINUS</field><value name="A"><block type="variables_get" id="554"><field name="VAR">m</field></block></value><value name="B"><block type="math_number" id="555"><field name="NUM">6</field></block></value></block></value><value name="CHANNEL5"><block type="math_arithmetic" id="556"><field name="OP">MINUS</field><value name="A"><block type="variables_get" id="557"><field name="VAR">m</field></block></value><value name="B"><block type="math_number" id="558"><field name="NUM">5</field></block></value></block></value><value name="CHANNEL6"><block type="math_arithmetic" id="559"><field name="OP">MINUS</field><value name="A"><block type="variables_get" id="560"><field name="VAR">m</field></block></value><value name="B"><block type="math_number" id="561"><field name="NUM">84</field></block></value></block></value><value name="CHANNEL7"><block type="math_arithmetic" id="562"><field name="OP">MINUS</field><value name="A"><block type="variables_get" id="563"><field name="VAR">m</field></block></value><value name="B"><block type="math_number" id="564"><field name="NUM">90</field></block></value></block></value><value name="CHANNEL8"><block type="math_arithmetic" id="565"><field name="OP">MINUS</field><value name="A"><block type="variables_get" id="566"><field name="VAR">m</field></block></value><value name="B"><block type="math_number" id="567"><field name="NUM">6</field></block></value></block></value><value name="CHANNEL9"><block type="math_arithmetic" id="568"><field name="OP">MINUS</field><value name="A"><block type="variables_get" id="569"><field name="VAR">m</field></block></value><value name="B"><block type="math_number" id="570"><field name="NUM">14</field></block></value></block></value><value name="CHANNEL10"><block type="math_arithmetic" id="571"><field name="OP">ADD</field><value name="A"><block type="variables_get" id="572"><field name="VAR">m</field></block></value><value name="B"><block type="math_number" id="573"><field name="NUM">27</field></block></value></block></value><value name="CHANNEL11"><block type="math_arithmetic" id="574"><field name="OP">ADD</field><value name="A"><block type="variables_get" id="575"><field name="VAR">m</field></block></value><value name="B"><block type="math_number" id="576"><field name="NUM">18</field></block></value></block></value><value name="CHANNEL12"><block type="math_arithmetic" id="577"><field name="OP">ADD</field><value name="A"><block type="variables_get" id="578"><field name="VAR">m</field></block></value><value name="B"><block type="math_number" id="579"><field name="NUM">6</field></block></value></block></value><value name="CHANNEL13"><block type="math_arithmetic" id="580"><field name="OP">ADD</field><value name="A"><block type="variables_get" id="581"><field name="VAR">m</field></block></value><value name="B"><block type="math_number" id="582"><field name="NUM">5</field></block></value></block></value><value name="CHANNEL14"><block type="math_arithmetic" id="583"><field name="OP">ADD</field><value name="A"><block type="variables_get" id="584"><field name="VAR">m</field></block></value><value name="B"><block type="math_number" id="585"><field name="NUM">84</field></block></value></block></value><value name="CHANNEL15"><block type="math_arithmetic" id="586"><field name="OP">ADD</field><value name="A"><block type="variables_get" id="587"><field name="VAR">m</field></block></value><value name="B"><block type="math_number" id="588"><field name="NUM">45</field></block></value></block></value></block></value><next><block type="variables_set" id="589"><field name="VAR">RightPush_1</field><value name="VALUE"><block type="define_channel_angles" id="590"><value name="CHANNEL0"><block type="variables_get" id="591"><field name="VAR">m</field></block></value><value name="CHANNEL1"><block type="math_arithmetic" id="592"><field name="OP">MINUS</field><value name="A"><block type="variables_get" id="593"><field name="VAR">m</field></block></value><value name="B"><block type="math_number" id="594"><field name="NUM">47</field></block></value></block></value><value name="CHANNEL2"><block type="math_arithmetic" id="595"><field name="OP">ADD</field><value name="A"><block type="variables_get" id="596"><field name="VAR">m</field></block></value><value name="B"><block type="math_number" id="597"><field name="NUM">7</field></block></value></block></value><value name="CHANNEL3"><block type="math_arithmetic" id="598"><field name="OP">MINUS</field><value name="A"><block type="variables_get" id="599"><field name="VAR">m</field></block></value><value name="B"><block type="math_number" id="600"><field name="NUM">61</field></block></value></block></value><value name="CHANNEL4"><block type="math_arithmetic" id="601"><field name="OP">MINUS</field><value name="A"><block type="variables_get" id="602"><field name="VAR">m</field></block></value><value name="B"><block type="math_number" id="603"><field name="NUM">6</field></block></value></block></value><value name="CHANNEL5"><block type="math_arithmetic" id="604"><field name="OP">MINUS</field><value name="A"><block type="variables_get" id="605"><field name="VAR">m</field></block></value><value name="B"><block type="math_number" id="606"><field name="NUM">5</field></block></value></block></value><value name="CHANNEL6"><block type="math_arithmetic" id="607"><field name="OP">MINUS</field><value name="A"><block type="variables_get" id="608"><field name="VAR">m</field></block></value><value name="B"><block type="math_number" id="609"><field name="NUM">84</field></block></value></block></value><value name="CHANNEL7"><block type="math_arithmetic" id="610"><field name="OP">MINUS</field><value name="A"><block type="variables_get" id="611"><field name="VAR">m</field></block></value><value name="B"><block type="math_number" id="612"><field name="NUM">90</field></block></value></block></value><value name="CHANNEL8"><block type="variables_get" id="613"><field name="VAR">m</field></block></value><value name="CHANNEL9"><block type="math_arithmetic" id="614"><field name="OP">MINUS</field><value name="A"><block type="variables_get" id="615"><field name="VAR">m</field></block></value><value name="B"><block type="math_number" id="616"><field name="NUM">14</field></block></value></block></value><value name="CHANNEL10"><block type="math_arithmetic" id="617"><field name="OP">ADD</field><value name="A"><block type="variables_get" id="618"><field name="VAR">m</field></block></value><value name="B"><block type="math_number" id="619"><field name="NUM">2</field></block></value></block></value><value name="CHANNEL11"><block type="math_arithmetic" id="620"><field name="OP">ADD</field><value name="A"><block type="variables_get" id="621"><field name="VAR">m</field></block></value><value name="B"><block type="math_number" id="622"><field name="NUM">10</field></block></value></block></value><value name="CHANNEL12"><block type="math_arithmetic" id="623"><field name="OP">ADD</field><value name="A"><block type="variables_get" id="624"><field name="VAR">m</field></block></value><value name="B"><block type="math_number" id="625"><field name="NUM">10</field></block></value></block></value><value name="CHANNEL13"><block type="math_arithmetic" id="626"><field name="OP">ADD</field><value name="A"><block type="variables_get" id="627"><field name="VAR">m</field></block></value><value name="B"><block type="math_number" id="628"><field name="NUM">5</field></block></value></block></value><value name="CHANNEL14"><block type="math_arithmetic" id="629"><field name="OP">ADD</field><value name="A"><block type="variables_get" id="630"><field name="VAR">m</field></block></value><value name="B"><block type="math_number" id="631"><field name="NUM">84</field></block></value></block></value><value name="CHANNEL15"><block type="math_arithmetic" id="632"><field name="OP">ADD</field><value name="A"><block type="variables_get" id="633"><field name="VAR">m</field></block></value><value name="B"><block type="math_number" id="634"><field name="NUM">90</field></block></value></block></value></block></value><next><block type="variables_set" id="635"><field name="VAR">RightPush_2</field><value name="VALUE"><block type="define_channel_angles" id="636"><value name="CHANNEL0"><block type="math_arithmetic" id="637"><field name="OP">ADD</field><value name="A"><block type="variables_get" id="638"><field name="VAR">m</field></block></value><value name="B"><block type="math_number" id="639"><field name="NUM">12</field></block></value></block></value><value name="CHANNEL1"><block type="math_arithmetic" id="640"><field name="OP">MINUS</field><value name="A"><block type="variables_get" id="641"><field name="VAR">m</field></block></value><value name="B"><block type="math_number" id="642"><field name="NUM">3</field></block></value></block></value><value name="CHANNEL2"><block type="math_arithmetic" id="643"><field name="OP">MINUS</field><value name="A"><block type="variables_get" id="644"><field name="VAR">m</field></block></value><value name="B"><block type="math_number" id="645"><field name="NUM">7</field></block></value></block></value><value name="CHANNEL3"><block type="math_arithmetic" id="646"><field name="OP">MINUS</field><value name="A"><block type="variables_get" id="647"><field name="VAR">m</field></block></value><value name="B"><block type="math_number" id="648"><field name="NUM">20</field></block></value></block></value><value name="CHANNEL4"><block type="math_arithmetic" id="649"><field name="OP">MINUS</field><value name="A"><block type="variables_get" id="650"><field name="VAR">m</field></block></value><value name="B"><block type="math_number" id="651"><field name="NUM">6</field></block></value></block></value><value name="CHANNEL5"><block type="math_arithmetic" id="652"><field name="OP">MINUS</field><value name="A"><block type="variables_get" id="653"><field name="VAR">m</field></block></value><value name="B"><block type="math_number" id="654"><field name="NUM">5</field></block></value></block></value><value name="CHANNEL6"><block type="math_arithmetic" id="655"><field name="OP">MINUS</field><value name="A"><block type="variables_get" id="656"><field name="VAR">m</field></block></value><value name="B"><block type="math_number" id="657"><field name="NUM">84</field></block></value></block></value><value name="CHANNEL7"><block type="math_arithmetic" id="658"><field name="OP">MINUS</field><value name="A"><block type="variables_get" id="659"><field name="VAR">m</field></block></value><value name="B"><block type="math_number" id="660"><field name="NUM">90</field></block></value></block></value><value name="CHANNEL8"><block type="math_arithmetic" id="661"><field name="OP">ADD</field><value name="A"><block type="variables_get" id="662"><field name="VAR">m</field></block></value><value name="B"><block type="math_number" id="663"><field name="NUM">24</field></block></value></block></value><value name="CHANNEL9"><block type="math_arithmetic" id="664"><field name="OP">MINUS</field><value name="A"><block type="variables_get" id="665"><field name="VAR">m</field></block></value><value name="B"><block type="math_number" id="666"><field name="NUM">14</field></block></value></block></value><value name="CHANNEL10"><block type="math_arithmetic" id="667"><field name="OP">ADD</field><value name="A"><block type="variables_get" id="668"><field name="VAR">m</field></block></value><value name="B"><block type="math_number" id="669"><field name="NUM">23</field></block></value></block></value><value name="CHANNEL11"><block type="math_arithmetic" id="670"><field name="OP">ADD</field><value name="A"><block type="variables_get" id="671"><field name="VAR">m</field></block></value><value name="B"><block type="math_number" id="672"><field name="NUM">10</field></block></value></block></value><value name="CHANNEL12"><block type="math_arithmetic" id="673"><field name="OP">ADD</field><value name="A"><block type="variables_get" id="674"><field name="VAR">m</field></block></value><value name="B"><block type="math_number" id="675"><field name="NUM">6</field></block></value></block></value><value name="CHANNEL13"><block type="math_arithmetic" id="676"><field name="OP">ADD</field><value name="A"><block type="variables_get" id="677"><field name="VAR">m</field></block></value><value name="B"><block type="math_number" id="678"><field name="NUM">5</field></block></value></block></value><value name="CHANNEL14"><block type="math_arithmetic" id="679"><field name="OP">ADD</field><value name="A"><block type="variables_get" id="680"><field name="VAR">m</field></block></value><value name="B"><block type="math_number" id="681"><field name="NUM">84</field></block></value></block></value><value name="CHANNEL15"><block type="math_arithmetic" id="682"><field name="OP">ADD</field><value name="A"><block type="variables_get" id="683"><field name="VAR">m</field></block></value><value name="B"><block type="math_number" id="684"><field name="NUM">90</field></block></value></block></value></block></value><next><block type="controls_for" id="685"><field name="VAR">i</field><value name="FROM"><block type="math_number" id="686"><field name="NUM">0</field></block></value><value name="TO"><block type="math_arithmetic" id="687"><field name="OP">MINUS</field><value name="A"><block type="lists_length" id="688"><value name="VALUE"><block type="variables_get" id="689"><field name="VAR">sit_pose</field></block></value></block></value><value name="B"><block type="math_number" id="690"><field name="NUM">1</field></block></value></block></value><value name="BY"><block type="math_number" id="691"><field name="NUM">1</field></block></value><statement name="DO"><block type="servo_rotate_to_angle" id="692"><value name="BOARD"><block type="math_number" id="693"><field name="NUM">0</field></block></value><value name="CHANNEL"><block type="variables_get" id="694"><field name="VAR">i</field></block></value><value name="ANGLE"><block type="math_arithmetic" id="695"><field name="OP">ADD</field><value name="A"><block type="lists_getIndex" id="696"><mutation statement="false" at="true"></mutation><field name="MODE">GET</field><field name="WHERE">FROM_START</field><value name="VALUE"><block type="variables_get" id="697"><field name="VAR">adjust</field></block></value><value name="AT"><block type="variables_get" id="698"><field name="VAR">i</field></block></value></block></value><value name="B"><block type="lists_getIndex" id="699"><mutation statement="false" at="true"></mutation><field name="MODE">GET</field><field name="WHERE">FROM_START</field><value name="VALUE"><block type="variables_get" id="700"><field name="VAR">sit_pose</field></block></value><value name="AT"><block type="variables_get" id="701"><field name="VAR">i</field></block></value></block></value></block></value></block></statement><next><block type="variables_set" id="702"><field name="VAR">current_pose</field><value name="VALUE"><block type="servo_move_to" id="703"><value name="BOARD"><block type="math_number" id="704"><field name="NUM">0</field></block></value><value name="ADJUST"><block type="variables_get" id="705"><field name="VAR">adjust</field></block></value><value name="CURRENT"><block type="variables_get" id="706"><field name="VAR">sit_pose</field></block></value><value name="TARGET"><block type="variables_get" id="707"><field name="VAR">stand_pose</field></block></value><value name="TIME"><block type="math_number" id="708"><field name="NUM">1000</field></block></value></block></value><next><block type="controls_for" id="709"><field name="VAR">j</field><value name="FROM"><block type="math_number" id="710"><field name="NUM">1</field></block></value><value name="TO"><block type="math_number" id="711"><field name="NUM">5</field></block></value><value name="BY"><block type="math_number" id="712"><field name="NUM">1</field></block></value><statement name="DO"><block type="variables_set" id="713"><field name="VAR">current_pose</field><value name="VALUE"><block type="servo_move_to" id="714"><value name="BOARD"><block type="math_number" id="715"><field name="NUM">0</field></block></value><value name="ADJUST"><block type="variables_get" id="716"><field name="VAR">adjust</field></block></value><value name="CURRENT"><block type="variables_get" id="717"><field name="VAR">current_pose</field></block></value><value name="TARGET"><block type="variables_get" id="718"><field name="VAR">holdByRightLeg_1</field></block></value><value name="TIME"><block type="math_number" id="719"><field name="NUM">1000</field></block></value></block></value><next><block type="variables_set" id="720"><field name="VAR">current_pose</field><value name="VALUE"><block type="servo_move_to" id="721"><value name="BOARD"><block type="math_number" id="722"><field name="NUM">0</field></block></value><value name="ADJUST"><block type="variables_get" id="723"><field name="VAR">adjust</field></block></value><value name="CURRENT"><block type="variables_get" id="724"><field name="VAR">current_pose</field></block></value><value name="TARGET"><block type="variables_get" id="725"><field name="VAR">holdByRightLeg_2</field></block></value><value name="TIME"><block type="math_number" id="726"><field name="NUM">1000</field></block></value></block></value><next><block type="variables_set" id="727"><field name="VAR">current_pose</field><value name="VALUE"><block type="servo_move_to" id="728"><value name="BOARD"><block type="math_number" id="729"><field name="NUM">0</field></block></value><value name="ADJUST"><block type="variables_get" id="730"><field name="VAR">adjust</field></block></value><value name="CURRENT"><block type="variables_get" id="731"><field name="VAR">current_pose</field></block></value><value name="TARGET"><block type="variables_get" id="732"><field name="VAR">holdByRightLeg_3</field></block></value><value name="TIME"><block type="math_number" id="733"><field name="NUM">1000</field></block></value></block></value><next><block type="variables_set" id="734"><field name="VAR">current_pose</field><value name="VALUE"><block type="servo_move_to" id="735"><value name="BOARD"><block type="math_number" id="736"><field name="NUM">0</field></block></value><value name="ADJUST"><block type="variables_get" id="737"><field name="VAR">adjust</field></block></value><value name="CURRENT"><block type="variables_get" id="738"><field name="VAR">current_pose</field></block></value><value name="TARGET"><block type="variables_get" id="739"><field name="VAR">holdByRightLeg_4</field></block></value><value name="TIME"><block type="math_number" id="740"><field name="NUM">1000</field></block></value></block></value><next><block type="variables_set" id="741"><field name="VAR">current_pose</field><value name="VALUE"><block type="servo_move_to" id="742"><value name="BOARD"><block type="math_number" id="743"><field name="NUM">0</field></block></value><value name="ADJUST"><block type="variables_get" id="744"><field name="VAR">adjust</field></block></value><value name="CURRENT"><block type="variables_get" id="745"><field name="VAR">current_pose</field></block></value><value name="TARGET"><block type="variables_get" id="746"><field name="VAR">LeftPush_1</field></block></value><value name="TIME"><block type="math_number" id="747"><field name="NUM">1000</field></block></value></block></value><next><block type="variables_set" id="748"><field name="VAR">current_pose</field><value name="VALUE"><block type="servo_move_to" id="749"><value name="BOARD"><block type="math_number" id="750"><field name="NUM">0</field></block></value><value name="ADJUST"><block type="variables_get" id="751"><field name="VAR">adjust</field></block></value><value name="CURRENT"><block type="variables_get" id="752"><field name="VAR">current_pose</field></block></value><value name="TARGET"><block type="variables_get" id="753"><field name="VAR">LeftPush_2</field></block></value><value name="TIME"><block type="math_number" id="754"><field name="NUM">1000</field></block></value></block></value><next><block type="variables_set" id="755"><field name="VAR">current_pose</field><value name="VALUE"><block type="servo_move_to" id="756"><value name="BOARD"><block type="math_number" id="757"><field name="NUM">0</field></block></value><value name="ADJUST"><block type="variables_get" id="758"><field name="VAR">adjust</field></block></value><value name="CURRENT"><block type="variables_get" id="759"><field name="VAR">current_pose</field></block></value><value name="TARGET"><block type="variables_get" id="760"><field name="VAR">holdByLeftLeg_1</field></block></value><value name="TIME"><block type="math_number" id="761"><field name="NUM">1000</field></block></value></block></value><next><block type="variables_set" id="762"><field name="VAR">current_pose</field><value name="VALUE"><block type="servo_move_to" id="763"><value name="BOARD"><block type="math_number" id="764"><field name="NUM">0</field></block></value><value name="ADJUST"><block type="variables_get" id="765"><field name="VAR">adjust</field></block></value><value name="CURRENT"><block type="variables_get" id="766"><field name="VAR">current_pose</field></block></value><value name="TARGET"><block type="variables_get" id="767"><field name="VAR">holdByLeftLeg_2</field></block></value><value name="TIME"><block type="math_number" id="768"><field name="NUM">1000</field></block></value></block></value><next><block type="variables_set" id="769"><field name="VAR">current_pose</field><value name="VALUE"><block type="servo_move_to" id="770"><value name="BOARD"><block type="math_number" id="771"><field name="NUM">0</field></block></value><value name="ADJUST"><block type="variables_get" id="772"><field name="VAR">adjust</field></block></value><value name="CURRENT"><block type="variables_get" id="773"><field name="VAR">current_pose</field></block></value><value name="TARGET"><block type="variables_get" id="774"><field name="VAR">holdByLeftLeg_3</field></block></value><value name="TIME"><block type="math_number" id="775"><field name="NUM">1000</field></block></value></block></value><next><block type="variables_set" id="776"><field name="VAR">current_pose</field><value name="VALUE"><block type="servo_move_to" id="777"><value name="BOARD"><block type="math_number" id="778"><field name="NUM">0</field></block></value><value name="ADJUST"><block type="variables_get" id="779"><field name="VAR">adjust</field></block></value><value name="CURRENT"><block type="variables_get" id="780"><field name="VAR">current_pose</field></block></value><value name="TARGET"><block type="variables_get" id="781"><field name="VAR">holdByLeftLeg_4</field></block></value><value name="TIME"><block type="math_number" id="782"><field name="NUM">1000</field></block></value></block></value><next><block type="variables_set" id="783"><field name="VAR">current_pose</field><value name="VALUE"><block type="servo_move_to" id="784"><value name="BOARD"><block type="math_number" id="785"><field name="NUM">0</field></block></value><value name="ADJUST"><block type="variables_get" id="786"><field name="VAR">adjust</field></block></value><value name="CURRENT"><block type="variables_get" id="787"><field name="VAR">current_pose</field></block></value><value name="TARGET"><block type="variables_get" id="788"><field name="VAR">RightPush_1</field></block></value><value name="TIME"><block type="math_number" id="789"><field name="NUM">1000</field></block></value></block></value><next><block type="variables_set" id="790"><field name="VAR">current_pose</field><value name="VALUE"><block type="servo_move_to" id="791"><value name="BOARD"><block type="math_number" id="792"><field name="NUM">0</field></block></value><value name="ADJUST"><block type="variables_get" id="793"><field name="VAR">adjust</field></block></value><value name="CURRENT"><block type="variables_get" id="794"><field name="VAR">current_pose</field></block></value><value name="TARGET"><block type="variables_get" id="795"><field name="VAR">RightPush_2</field></block></value><value name="TIME"><block type="math_number" id="796"><field name="NUM">1000</field></block></value></block></value></block></next></block></next></block></next></block></next></block></next></block></next></block></next></block></next></block></next></block></next></block></next></block></statement><next><block type="servo_rotate_to_angle" id="797"><value name="BOARD"><block type="math_number" id="798"><field name="NUM">1</field></block></value><value name="CHANNEL"><block type="math_number" id="799"><field name="NUM">1</field></block></value><value name="ANGLE"><block type="math_number" id="800"><field name="NUM">135</field></block></value><next><block type="servo_rotate_to_angle" id="801"><value name="BOARD"><block type="math_number" id="802"><field name="NUM">1</field></block></value><value name="CHANNEL"><block type="math_number" id="803"><field name="NUM">0</field></block></value><value name="ANGLE"><block type="math_number" id="804"><field name="NUM">90</field></block></value><next><block type="release_devices" id="805"><value name="BOARD"><block type="math_number" id="806"><field name="NUM">0</field></block></value><next><block type="release_devices" id="807"><value name="BOARD"><block type="math_number" id="808"><field name="NUM">1</field></block></value></block></next></block></next></block></next></block></next></block></next></block></next></block></next></block></next></block></next></block></next></block></next></block></next></block></next></block></next></block></next></block></next></block></next></block></next></block></next></block></next></block></next></block></next></block></next></block></xml>